datetime;city;state;country;shape;durationSeconds;durationHM;comments;datePosted;latitude;longitude;sourceUrl;sighting_id
1/25/2025 22:20;milnrow;England;United Kingdom;orb;6.0;6/7 seconds;Menu Close 2025-01-25 22:20 Local 2025-01-25 15:33 Pacific 6/7 seconds 1 Milnrow&#44 England&#44 United Kingdom flew east over milnrow... turned in an arch... flew back... Orb yellow Estimated Size: orb like. house size Land Direction from Viewer: left to right&#44 turn&#44 back 45 Closest Distance: higher than cruising altitude Estimated Speed: 8k mph Aura or haze around object Higher up than a plane&#44 at least 15 times faster… 8kmph no sonic boom Higher up than a plane&#44 at least 15 times faster... 8kmph no sonic boom Intelligent movement… slower arched turn National UFO Reporting Center&#44 Davenport&#44 WA TERMS OF SERVICE PRIVACY POLICY;1/25/2025;;;https://nuforc.org/sighting/?id=187195;187195
1/25/2025 22:20;milnrow;England;United Kingdom;orb;6.0;6/7/8 seconds;Menu Close 2025-01-25 22:20 Local 2025-01-25 16:16 Pacific 6/7/8 seconds 1 Milnrow&#44 England&#44 United Kingdom Newhey road Orb Yellow (ish) Estimated Size: similar or smaller than a terrace house Land Direction from Viewer: As I was standing it was north flying west to east then back. 45 Closest Distance: Higher than cruising altitude…. land wise not far Estimated Speed: 8/9 k mph Aura or haze around object Very high speed&#44 intelligent slow turn&#44 high altitude A yellow orb/fireball entered my vision from left to right… travelling higher than a plane's cruising altitude and at least 15 times faster…. Stopped/slowed after 3 seconds or so banked right in an arch manner until had turned then the exact same fast speed from right to left until out of view…. No sound no sonic boom nor visual sonic boom ( If one could imagine it drew a tubular shape ) National UFO Reporting Center&#44 Davenport&#44 WA TERMS OF SERVICE PRIVACY POLICY;1/25/2025;;;https://nuforc.org/sighting/?id=187197;187197
1/26/2025 00:37;leeds;me;United States;other;;Maybe one minute;Menu Close 2025-01-26 00:37 Local 2025-01-25 23:13 Pacific Maybe one minute 1 Leeds&#44 ME&#44 USA Field in front of my house Other Hot white Estimated Size: Spherical shape perhaps 50 feet tall and wide Land Direction from Viewer: North 9 Closest Distance: 300 yards? Estimated Speed: Na Aura or haze around object&#44 Emitted other objects&#44 Emitted beams&#44 Animals reacted Sphere descended from the sky and hovered about 40 feet off the ground. A tube of blue light came down and touched the Earth. Descended from the sky and hovered about 40 feet off the ground. A tube of blue light came down and touched the Earth This giant round sphere was at first a small dot in the sky&#44 but it continued getting bigger and bigger rapidly until I finally realized that it was high in the stratosphere and coming down almost straight at me. I thought it was literally going to land in the field in front of my house&#44 but it stopped about 60 feet above the ground and a tube of bright white blue light came down touch the ground and three red orbs Descended from the object to the ground. When the third orb touch the ground a giant white flash was seen that blinded me and caused everything to turn bright white momentarily. When I refocused there was nothing there. It was incredible. I know for a fact that extraterrestrials are real&#44 but I’ve never seen until now. I honestly believe that what I witnessed was a different race of people from somewhere else in the universe&#44 I cannot say for sure&#44 but I believe that the three orbs that came down out of the beam of white for being and I’m pretty sure they were placed on the ground like as if to say&#44 they were transported through the beam of light from the object in the sky to the ground. I have absolutely no idea where they went once they landed because I was scared and cold and went back inside and like I said after the bright flash&#44 I couldn’t see anything it was just gone&#44 and if they did land&#44 then they disappeared as well. I have not gone out to look at the field yet because it is freezing cold out and I figured I should wait until tomorrow when there is daylight&#44 but but it was very strange. I had a feeling that they knew I was watching them And I also had that feeling that you get when there is another presence close by&#44 but you cannot see them and I know this sounds crazy but from the time I spotted this thing and it broke into our stratosphere and came close to the Earth until the bright white flash and I refocused and nothing was there. It almost seems like time stopped because all of the normal ambience sounds our surroundings make ceased to exist. There was a dead total silence like I have never witnessed before and I’m telling you I think they stopped time and I’m a little nervous because I’m pretty sure three beings got off that ship and if that’s the case&#44 then we have an issue because that means they’re still somewhere close by and I have children to worry about. I did not get a feeling like anything bad was going to happen&#44 but I have to be cautious because I simply have no idea what just happened. National UFO Reporting Center&#44 Davenport&#44 WA TERMS OF SERVICE PRIVACY POLICY;1/25/2025;44.3033333;-70.1200000;https://nuforc.org/sighting/?id=187215;187215
1/26/2025 05:45;new york;ny;United States;chevron;600.0;10 mins;Menu Close 2025-01-26 05:45 Local 2025-01-26 04:22 Pacific 10 mins 1 New York&#44 NY&#44 USA Chevron Black Estimated Size: Hige Land Direction from Viewer: The opera straight on the crafts&#44 then shifted to my left side 45 Closest Distance: Unsure Estimated Speed: Verling and one was going really fast. Lights on object&#44 Emitted other objects 5:30 AM I saw a large bright orb&#44 and then this object appeared out of it. I Work at 5:30 5:45 AM when I saw a big beautiful orb&#44 it was extremely bright. Suddenly the orb became very blurry as if it was moving from side to side quickly&#44 and then the craft appeared out of it. There were three altogether one was large squared with lights on each .4 points of it. The third went so fast that I couldn't make out what it was and then this is the third one that just hovered there it was tremendous. National UFO Reporting Center&#44 Davenport&#44 WA TERMS OF SERVICE PRIVACY POLICY;1/26/2025;40.7141667;-74.0063889;https://nuforc.org/sighting/?id=187219;187219
;oakland;ca;United States;disk;;Unknown amount of time;Menu Close 2025-01-26 05:58 Local - Approximate 2025-01-26 11:22 Pacific Unknown amount of time 1 Oakland&#44 CA&#44 USA In my apartment facing the window Disk Silver&#44 with lights Estimated Size: Maybe small to medium box truck sized Land Direction from Viewer: In front of me&#44 I am facing N/NE from inside my apartment 40 Closest Distance: Maybe 100/200 ft away Estimated Speed: Incredibly fast Explanation: Dream - Possible Lights on object&#44 Emitted beams&#44 Possible abduction&#44 Missing Time I dont think i was dreaming but i saw two saucers fly towards me from the sky with lights and then an alien appear in my apartment I had such a weird experience last night and I am so confused. Lately I have been jokingly testing the waters at night by having meditations where I think about and intentionally ask aliens to come pick me up. Not thinking it would actually happen&#44 but more so “okay Greer&#44 you say people can do this&#44 lets just test it”. Last night&#44 I woke up at 2am and couldn’t sleep so i go to the couch where I set floor pillows in front of my couch and lay to rest there. My couch isnt comfy so i have my floor pillows as a rest spot. At 5am I feel slightly tired so I close my eyes and felt this strange feeling so I kind of peek my eyes open and look out the window. The window is kind of far away from me. And i just hear the wind blowing and then i think in my mind “if there is an alien there&#44 come down and show yourself”. Then all the sudden I see a saucer along with another saucer craft near it fly down incredibly fast&#44 then stop suddenly hovering in the distance. They had lights in the center part of the saucer&#44 it looked silver and shiny. The lights on the center perimeter part of the craft and seemed like they were cycling through different colors. It was red&#44 green&#44 white and blue little lights. I get so startled but I keep looking out the window in curiousness. I practice keeping my calm in stressful situations or even as a tool to have autonomy within dreaming so despite the unsettling sensation I also am incredibly curious to face this without turning away. Then all the sudden a classic alien(big head&#44 large black eyes&#44 greyish body&#44 short slender but a but of a belly stature) just appears on the outside of my window with its face peering at me&#44 then it somehow pops into the other side of the window standing above me on the top part of my couch. They looked like they were wearing a skin tight&#44 slightly shiny black suit and were slightly translucent. I freeze immediately&#44 I feel stunned. It felt like dream paralysis&#44 but different in sensation. Like I was being prevented from moving not a ‘I cant move because i am scared’ situation. I try to yell out “what do you want?”&#44 and then remember having the thought ‘This being probably is communicating through the mind anyway why are you speaking’. Despite that I keep repeating along with “are you taking me? Don’t go”. This being almost felt annoyed or confused or even surprised that I was able to get out words while being paralyzed. Immediately after that thought I feel myself sliding off my floor cushions not by my own accord and dragging across the floor towards the middle of the room. The whole time I am trying to yell out these questions barely able to get the words out and it is definitely a struggle but I kept persisting. I say then “where are we going?” and try to grab on to stuff not to keep me from sliding but to ground myself if I am awake or not. Usually when I lucid dream I look at my hands and touch things to let myself know I am dreaming. I feel like I am trying to push through some force to move my head and my arms and am unable to look at my hands but I just barely move enough to touch my coffee table and get this startled feeling of ‘you arent dreaming’. I then black out and have a memory of floating in a white light outside&#44 headed into this saucer. I black out again when I reach the top circular shape which is so incredibly bright it feels like I blip into it&#44 and then cut into being in a completely white space within the craft. There are several people and aliens sitting together around a long rounded table(think skinny bar type table the has a space in the center&#44 that goes around the whole room in a roundish space. But the table is not perfectly circular&#44 just curving around the room). Everything is shiny glossy white&#44 the tables&#44 chairs&#44 the entire room&#44 the clothes people are wearing is all white. It almost reminded me of how the spaceship looked in the movie “hitchhikers guide to the galaxy”. I am in the center of this room with everyone around me and I feel suspended in the air and barely able to speak or move. There is this old man with a beard and a mustache that looks strange(like bigger eyes) who is asking me questions that I cant recall but I remember answering. I remember being able to slightly look around but not able to move and barely able to project my voice with their questioning. My memory cuts off again and I felt immediately pulled back into my body back on the floor pillows just completely distraught. I feel paralyzed again for a moment and my arms are like weirdly on my stomach(like classic corpse pose) and I am on my back. I feel exhausted and that whole time laying there I try and replay what I experienced so I can remember the details before I fall asleep. It was almost frantically feeling like I need to recall this. I remember wanting to look at my phone to see the time but can’t&#44 I was so confused about what time it was and how much time had passed. Eventually I do fall asleep and I dont dream the rest of the morning which is also unusual for me. The weirdest part about the cutting in an out of memories is that I am not recalling them back and the memory is being spotty&#44 but its like the progression in that moment was spotty. Almost as if I was blipping to and from those points of what I remember. I have no idea if this was a dream or not I am super disoriented from the whole thing&#44 it felt so real. And I dont have dreams that start at the beginning of my sleep its always just before I wake up in points of the night. So it just felt disorienting. I also remember explicitly that I was struggling to sleep and was still awake when this occurred because i was listening to the wind. I have been hyper fixating on aliens lately more than my normal so this definitely could have been a dream. My dreams can be very vivid but also I lucid dream daily so generally I know without a doubt when it is a dream every time I am in a dream and especially post dream when I wake up. This was so unlike my dreams. I dont progress through dreams like that where it cuts in and cuts out of experiences. My dreaming is always naturally progressing like a movie and I generally remember that progression especially while in the dream. It is not until later that parts of the dream fade away and the fading away can usually be brought back when I focus on the progression of that dream. Dream or not&#44 very weird experience that I wanted to speak on and needed someone to know that this experience occurred. I have been reading a lot about psionic abilities&#44 and have been keeping up with government disclosures as well as whistleblowers regarding aliens. Greer's documentaries about contacting aliens has been something I recently have been interested in&#44 so I have been also having meditations at night almost jokingly calling out to aliens. I do it as a test because I think from a scientific standpoint methods being spoken about on anything should be explored&#44 especially if something is unknown. So I have been doing this as a “okay Greer you claim this can happen&#44 we have whistleblowers that claim this is a program that exists&#44 lets actually test these claims”. I know all of this sounds so fringe&#44 and I hope whoever is having to read this at least gets some enjoyment from it because its a totally fantastical sounding experience. I dont know how to explain it without sounding like a complete nut. That being said I am comfortable with knowing I had an unexplainable experience that I can’t tell if it was a dream or not&#44 but I will say I always know when I am dreaming and when I am awake which is the most concerning part. That being said&#44 I am assured in speaking about it from a place of “I don’t know what that was but it was incredibly strange and I need to tell someone about this”. I am also aware that my dreams are very sensitive to my reality so it could have very well been a dream based on leaning into all the information I am digesting out there right now. But this felt so different and I really needed to speak on it. National UFO Reporting Center&#44 Davenport&#44 WA TERMS OF SERVICE PRIVACY POLICY;1/26/2025;37.8044444;-122.2697222;https://nuforc.org/sighting/?id=187223;187223
1/26/2025 19:35;whitehall;pa;United States;orb;600.0;10 minutes;Menu Close 2025-01-26 19:35 Local 2025-01-26 16:58 Pacific 10 minutes 1 Whitehall&#44 PA&#44 USA East Orb White Land Direction from Viewer: East 50 Saw a very bright light. Took 2 pictures. Looked down at my phone & back up & it was gone. Saw a very bright light. Saw a very bright light&#44 it was not moving&#44 no sound. I thought it was an unusually bright star & low at first. Got my phone and took 2 pictures. Looked down at my phone & back up & it was gone!! No cloud cover tonight. National UFO Reporting Center&#44 Davenport&#44 WA TERMS OF SERVICE PRIVACY POLICY;1/26/2025;39.7908333;-77.1097222;https://nuforc.org/sighting/?id=187227;187227
1/26/2025 18:43;ash lake;mn;United States;light;;Active;Menu Close 2025-01-26 18:43 Local 2025-01-26 16:59 Pacific Active 1 - Law Enforcement Officer Ash Lake&#44 MN&#44 USA On highway 53&#44 numerous lights west&#44 south&#44 and east of the pin at 50&#44 60k feet. Light Infra Red Estimated Size: unsure just IR lights in the sky. Land Direction from Viewer: 270&#44 180&#44 90 40 Closest Distance: 50-100 miles? Estimated Speed: fast as hell for that altitude. Emitted other objects&#44 Aircraft nearby I'm a US Border Patrol Agent on patrol and sighted them. There are 70+ lights/orbs what have you that can only be seen in infrared that are at 50-70k ft moving quickly for their altitude&#44 changing direction and moving in formations sometimes. National UFO Reporting Center&#44 Davenport&#44 WA TERMS OF SERVICE PRIVACY POLICY;1/26/2025;;;https://nuforc.org/sighting/?id=187228;187228
1/27/2025 04:50;chain lake;wa;United States;light;1.0;A couple seconds;Menu Close 2025-01-27 04:50 Local 2025-01-27 05:15 Pacific A couple seconds 1 Chain Lake&#44 WA&#44 USA Coming off the us-2/snohomish on ramp Light White Estimated Size: 50ft Land Direction from Viewer: SE 45 Closest Distance: 400ft Estimated Speed: Fast Lights on object Light bulb looking craft over tree line super fast I was headed to work Monday morning. I was on the us-2 on ramp east bound headed out of snohomish when I saw a bright light to my left hand side above the tree line that moved super fast and in an unnatural manner toward monroe washington from snohomish washington. It took the craft maybe one second to traverse five miles. National UFO Reporting Center&#44 Davenport&#44 WA TERMS OF SERVICE PRIVACY POLICY;1/27/2025;;;https://nuforc.org/sighting/?id=187231;187231
1/27/2025 08:15;sebastopol;Victoria;Australia;changing;15.0;15 seconds;Menu Close 2025-01-27 08:15 Local 2025-01-27 01:45 Pacific 15 seconds 1 Sebastopol&#44 Victoria&#44 Australia Changing White and black Estimated Size: Jumbo jet size Land Direction from Viewer: South west 45 Closest Distance: 25000 ft Estimated Speed: 1000 times faster than the fastest jet Explanation: Cloud - Possible Changed Colo Flying abnormal amount the clouds changed color then poof into a portal in the blue. Went to work went out to the clothes line looked up and seen a white strange shaped craft in the storm clouds it came out of it went black moving fast then literally went Into a blue sky portal. Shape un like anything ive ever seen. National UFO Reporting Center&#44 Davenport&#44 WA TERMS OF SERVICE PRIVACY POLICY;1/27/2025;;;https://nuforc.org/sighting/?id=187235;187235
;auckland;Auckland;New Zealand;unknown;4.0;4 seconds;Menu Close 2025-01-27 21:36 Local - Approximate 2025-01-27 01:07 Pacific 4 seconds 1 Auckland&#44 Auckland&#44 New Zealand On top of the balcony Unknown green Estimated Size: 8.8 m Land Direction from Viewer: immediate left 45 Closest Distance: 500m - 1km Estimated Speed: 280 kph Lights on object&#44 Made a sound Shining green lights&#44 flew overhead&#44 and disappeared. There were no close planes on the flight radar&#44 some appliances distorted. The Object was flying close enough for me to see its lights. There were no close planes on the flight radar&#44 some appliances distorted. It was flying a short distance from my room through the window on the second floor. It had shining green lights&#44 flew overhead&#44 and disappeared when I went out to investigate. The music on my headphones also started to distort. It had the noise of a diesel engine&#44 which sounded like the RNZAF planes flying near my building. There were no Planes of the New Zealand Airforce on the flight radar and no commercial planes that flew over Howick. National UFO Reporting Center&#44 Davenport&#44 WA TERMS OF SERVICE PRIVACY POLICY;1/27/2025;;;https://nuforc.org/sighting/?id=187236;187236
1/27/2025 02:10;caseros;Provincia de Buenos Aires;Argentina;egg;120.0;2 minutes.;"Menu Close 2025-01-27 02:10 Local 2025-01-26 21:56 Pacific 2 minutes. 1 Caseros&#44 Provincia de Buenos Aires&#44 Argentina Egg Green. Estimated Size: 500 m. Land 81 Estimated Speed: 700km. A green light in the shape of an egg that stayed for a few seconds and then shot off strongly to the south. A green light in the shape of an egg that stayed for a few seconds and then shot strongly to the south. I saw a green light in the sky that caught my attention; it was in my view for a few seconds and then moved with incredible speed to the south. Original report in Spanish: Una luz verde con forma de huevo que se mantuvo unos pocos segundos y luego se disparo fuerte para el sur Vi una luz verde en el cielo que me llamo la atención esta estuvo unos pocos segundos a mi vista y luego se movió con una velocidad increíble hacia el sur National UFO Reporting Center&#44 Davenport&#44 WA TERMS OF SERVICE PRIVACY POLICY";1/26/2025;;;https://nuforc.org/sighting/?id=187239;187239
1/26/2025 21:25;richfield;oh;United States;disk;300.0;5 minutes;"Menu Close 2025-01-26 21:25 Local 2025-01-26 19:21 Pacific 5 minutes 1 Richfield&#44 OH&#44 USA Disk Dim blue Estimated Size: Medium size Land Direction from Viewer: South west of me 85 Closest Distance: At least a few hundred feet above ground Estimated Speed: Very slow Lights on object&#44 Aura or haze around object&#44 Electrical or magnetic effects I used to scoff at UFO believers. Tonight I saw my first UFO. I saw dim blue flashing lights on a disk just hovering around the highway I am in complete shock and awe. I saw a blue disk hovering around route 77 just north of route 271 interchange. I was headed south from Cleveland to Akron. I was driving when I saw something strange in the sky. Blue disk&#44 flashing dim blue lights. It was just hovering there. I am in disbelief. But at the same time I know what I saw. Eventually as I slowed on the highway the blue light disappeared. Maybe it became aware it was being watched. I watched it from my vehicle for around 5 minutes. I used to think UFO people were ridiculous; now I’m a believer. National UFO Reporting Center&#44 Davenport&#44 WA TERMS OF SERVICE PRIVACY POLICY";1/26/2025;;;https://nuforc.org/sighting/?id=187242;187242
1/26/2025 19:20;steeleville;il;United States;diamond;10.0;10 seconds;Menu Close 2025-01-26 19:20 Local 2025-01-26 17:54 Pacific 10 seconds 2 Steeleville&#44 IL&#44 USA Floated over house approximately 20 mph at around 80ft off of the ground. 30 ft above tree top. Diamond Black Estimated Size: 25 to 30 ft long Land Direction from Viewer: It floated directly above house heading NW. 90 Closest Distance: Approximately 80 ft. Estimated Speed: 20 mph Lights on object Just stepped out of garage heading to house and it floated above house heading NW. it was dead silent and had glowing lights on bottom. Black Diamond shape floating in dead silence directly 80 ft above house heading NW at approximately 20 mph. Object had no sound whatsoever and very slight glowing lights on bottom front angle of craft. Seen by myself and my mother. National UFO Reporting Center&#44 Davenport&#44 WA TERMS OF SERVICE PRIVACY POLICY;1/26/2025;38.0072222;-89.6583333;https://nuforc.org/sighting/?id=187245;187245
1/26/2025 05:46;beverly hills;ca;United States;orb;;Minutes;Menu Close 2025-01-26 05:46 Local 2025-01-27 09:07 Pacific Minutes 1 Beverly Hills&#44 CA&#44 USA Over Beverly Hills Orb Dark Land 45 Explanation: Balloon - Possible Orb with no lights or sound LA skyline from my sisters house in Beverly Hills. Flying over Beverly Hills. No lights&#44 no sounds. National UFO Reporting Center&#44 Davenport&#44 WA TERMS OF SERVICE PRIVACY POLICY;1/27/2025;34.0736111;-118.3994444;https://nuforc.org/sighting/?id=187246;187246
;chattanooga;tn;United States;light;300.0;Had to work over 5 mins;Menu Close 2025-01-26 22:56 Local - Approximate 2025-01-27 14:52 Pacific Had to work over 5 mins 1 Chattanooga&#44 TN&#44 USA Light White Estimated Size: Definitely huge Land Direction from Viewer: 2 miles 27 On my way into work for 3rd shift and these lights were above (obscured by a cloud from the only cloud in the skyow) but could be seen On my way into work for 3rd shift and these lights were above (obscured by a cloud from the only cloud in the sky) but could be seen Looking north from wilson road in southern Chattanooga cloud was probably over central northern Chattanooga. These lights were clearly directional and cast light in roughly a southern direction. They were way too big (see photo that’s not lens flare that’s the size) my phone is a potato but maybe some analysis can be done to the photo. National UFO Reporting Center&#44 Davenport&#44 WA TERMS OF SERVICE PRIVACY POLICY;1/27/2025;35.0455556;-85.3097222;https://nuforc.org/sighting/?id=187255;187255
1/26/2025 22:00;bradford;oh;United States;sphere;;All night;Menu Close 2025-01-26 22:00 Local 2025-01-27 14:54 Pacific All night 1 - Military Bradford&#44 OH&#44 USA Bradford OH 45308 over the school and in town Sphere Lights red&#44 blue whi Estimated Size: No idea Land Direction from Viewer: Northeast 45 Closest Distance: 500-800 yards Estimated Speed: Slow&#44 steady Explanation: Drone - Possible Lights on object Possible drones but do not know why there are so many or why they are out every night. I think these are drones&#44 but they are often out every night. I do not see them in the day time. They have multi colored lights like blue and red. It doesn't appear to be a helicopter because a helicopter would not hover all night long. They are pretty high up&#44 but I can see the lights when I look at them through the binoculars. I reported this to law enforcement&#44 but they did not call me back to state what they found. They go up and down&#44 and they will shift positions to the other side of the house. National UFO Reporting Center&#44 Davenport&#44 WA TERMS OF SERVICE PRIVACY POLICY;1/27/2025;;;https://nuforc.org/sighting/?id=187256;187256
1/27/2025 17:55;new york mills;ny;United States;light;;saw it as i drove;Menu Close 2025-01-27 17:55 Local 2025-01-27 15:35 Pacific saw it as i drove 1 New York Mills&#44 NY&#44 USA It was over the buildings Light red and green Estimated Size: unknown Land Direction from Viewer: it was to the right of me up above 86 Closest Distance: not close at all Estimated Speed: unknown Explanation: Drone - Possible Lights on object it was 3 round red lights next to 3 round green lights and it was moving I was driving past and saw it in the sky&#44 it was dark so i couldn't make out the exact shape but it was definitely moving and looked like a drone&#44 but I've never seen anything like it before&#44 I also saw a very bright white light in the sky (different area) but that could be unrelated. National UFO Reporting Center&#44 Davenport&#44 WA TERMS OF SERVICE PRIVACY POLICY;1/27/2025;43.1052778;-75.2916667;https://nuforc.org/sighting/?id=187258;187258
1/27/2025 18:14;belleville;nj;United States;orb;300.0;about 5 minutes;Menu Close 2025-01-27 18:14 Local 2025-01-27 16:28 Pacific about 5 minutes 1 Belleville&#44 NJ&#44 USA (40.7885947&#44 -74.1790957) Orb Bluish-greenish Estimated Size: I’d guess about the size of a small car Land Direction from Viewer: About 55° NE 60 Closest Distance: I couldn’t tell Estimated Speed: Slower than any airplane Changed Colo I was walking my dog when I saw this orb moving steadily in the sky at around the height of a plane or possibly lower. I spotted one bluish orb moving steadily eastward while walking my dog. It changed colors from blue to green to white. Because there were no blinking lights like on a plane it caught my attention. I started talking directly to it and as soon as I did it started to dim then disappeared. I got it on video. National UFO Reporting Center&#44 Davenport&#44 WA TERMS OF SERVICE PRIVACY POLICY;1/27/2025;40.7936111;-74.1505556;https://nuforc.org/sighting/?id=187259;187259
1/27/2025 19:48;el dividive;Trujillo;Venezuela;oval;60.0;1 minute.;"Menu Close 2025-01-27 19:48 Local 2025-01-27 16:32 Pacific 1 minute. 11 El Dividive&#44 Trujillo&#44 Venezuela I was sitting in front of my house. Oval plated. Estimated Size: 50 meters its first circumference. Land Direction from Viewer: In front. 72 Closest Distance: 2 kilometers. Estimated Speed: At first&#44 the average of a plane&#44 then I accelerat Lights on object&#44 Aura or haze around object&#44 Left a trail&#44 Emitted other objects&#44 Changed Color&#44 Possible abduction There was no electricity&#44 the starry night&#44 suddenly I saw an oval shape that left a flash&#44 I called the neighbors&#44 everyone saw it. I am in Venezuela&#44 there was no electricity&#44 the sky was clear&#44 I was sitting in front of my house with my mother&#44 suddenly I saw a large shape&#44 it looked like an oval or diamond&#44 very bright&#44 at a speed slightly greater than that of a plane&#44 around it left a flash of smoke&#44 I told my mother to see it&#44 she saw it&#44 I called several neighbors and my wife and they saw it too. Suddenly&#44 it formed a cloud&#44 and from it came out 2 bright points that flew at a greater speed. It is worth noting that nothing was heard&#44 despite the lack of electricity. At first&#44 it was a large craft&#44 then it split into 2 smaller ones camouflaged by a cloud. I emphasize that the cloud was not in the sky. In fact&#44 the sky was clear. I tried to take a picture&#44 but despite having a good cell phone&#44 my phone couldn't capture it. I will send them to you; with good brightness&#44 you will be able to see them. Original report in Spanish: No habia electricidad&#44 la noche estrellada&#44 de repente vi una forma ovalada q dejaba un destello&#44 llame a los vecinonñ&#44 todos lo vieron Estoy en venezuela&#44 no habia electricidad&#44 el cielo estaba despejado&#44 yo estoy sentado frente a mi casa junto con mi madre&#44 de repente veo una forma grande&#44 parecia un ovalo o diamante&#44 muy brillante&#44 a una velocidad un poco mayor a la de un avión&#44 al rededor dejaba un destello de humo&#44 le dije a mi madre que lo viera&#44 ella lo vio llame a varios vecinos y a mi esposa y lo vieron tambien. de repente&#44 formo una nuve&#44 y de ella salieron 2 puntos brillantes que volaron a una velocidad mayor. Cabe resaltar que no se escucho nada&#44 a pesar de no haber electricidad&#44 al principio era una nave grande&#44 luego se dividio en 2 mas pequeñas camuflado por una nuve. Resalto que la nuve no estaba en el cielo. De hecho el cielo estaba despejado. Intente tomarle foto&#44 pero a pesar de tener buen celular mi telefono no lo pudo capturar. se las enviare&#44 con buen brillo podran observar. National UFO Reporting Center&#44 Davenport&#44 WA TERMS OF SERVICE PRIVACY POLICY";1/27/2025;;;https://nuforc.org/sighting/?id=187260;187260
1/27/2025 18:20;malibu;ca;United States;circle;;Ongoing and been there 1h;Menu Close 2025-01-27 18:20 Local 2025-01-27 18:28 Pacific Ongoing and been there 1h 30 Malibu&#44 CA&#44 USA Circle White Estimated Size: Unsure Land Direction from Viewer: SW 45 Closest Distance: 30 miles Estimated Speed: Unsure Lights on object&#44 Aura or haze around object Bright light in sky visible from ucla. Not a planet or star. 45 degrees above horizon and southwest. Brightest light in sky. Visible currently above Pacific Ocean probably 15 miles out and unsure how high. Probably double the height airplanes fly. National UFO Reporting Center&#44 Davenport&#44 WA TERMS OF SERVICE PRIVACY POLICY;1/27/2025;34.0050000;-118.8091667;https://nuforc.org/sighting/?id=187264;187264
1/27/2025 12:45;bremerton;wa;United States;rectangle;300.0;5 min.;Menu Close 2025-01-27 12:45 Local 2025-01-27 18:24 Pacific 5 min. 3 - Pilot Bremerton&#44 WA&#44 USA In a car. Rectangle Black&#44 dark gray Estimated Size: I thought about small plane size. Land Direction from Viewer: North 21 Closest Distance: 60-90 knots Estimated Speed: 60-90 knots We saw 3 what I thought to were planes from a car. We saw three objects flying in formation over Gorst. I thought they in were airplanes that just departed Bremerton National airport. They were travelling northeast bound. They were very close together&#44 about 1500 to 2000 feet above ground. Their speed was very slow. Estimate 60-80 knots. At first I thought they might be warbirds flying back to Everett. Their speed was too slow to be a jet. My wife was in the passenger seat and could see it better. We saw three at first but one disappeared. We made the turn out of Gorst and thought we would see them above the tree line but they disappeared. Their shape at first looked like an aircraft but they were not either a small prop plane or a jet. They did not have the outline of an aircraft. Weather here has been very clear with blue skies. My wife describes it like a boat. She describes a star shape at each end. They did not have wings. No lights observed. No means of propulsion noted. National UFO Reporting Center&#44 Davenport&#44 WA TERMS OF SERVICE PRIVACY POLICY;1/27/2025;47.5675000;-122.6313889;https://nuforc.org/sighting/?id=187265;187265
1/27/2025 21:30;athens;ga;United States;other;7200.0;Close to 2 hours;Menu Close 2025-01-27 21:30 Local 2025-01-27 19:54 Pacific Close to 2 hours 4 Athens&#44 GA&#44 USA Directly behind the subdivision is an empty plot of land that has not been developed Other Brown / Red Estimated Size: 150 feet wide Land Direction from Viewer: Directly in front of us 45 Closest Distance: About 100 feet away from us Lights on object Noticed bright blue glowing lights behind subdivision tonight and saw a huge upside-down Pyramid rotating glowing red on bottom Several bright blue glowing orbs moving up n down through the trees. We also noticed something hovering between the ground and trees&#44 and that's when we saw it. A huge brownish colored Pyramid that was upside-down with glowing bright red lights on the bottom. It rotated upright and just stayed there hovering. We could not believe our eyes! We just stood there not believing what we were seeing! National UFO Reporting Center&#44 Davenport&#44 WA TERMS OF SERVICE PRIVACY POLICY;1/27/2025;33.9608333;-83.3780556;https://nuforc.org/sighting/?id=187267;187267
1/26/2025 03:33;daphne;al;United States;changing;7200.0;2 hours;"Menu Close 2025-01-26 03:33 Local 2025-01-27 23:41 Pacific 2 hours 2 Daphne&#44 AL&#44 USA In the sky above St. Paul’s Church Changing white/yellow/red Estimated Size: varying from the size of a fist to a cruise ship Land Direction from Viewer: North 70 Closest Distance: At least 100-150 yards Estimated Speed: beyond the comprehension of our eyes Aura or haze around object&#44 Emitted other objects&#44 Emitted beams&#44 Changed Color&#44 Landed&#44 Electrical or magnetic effects&#44 Missing Time&#44 Marks found on body afterwards&#44 Animals reacted Glowing orb mingling with some kind of anti-matter or unknown form of matter&#44 in an almost mercurial movement&#44 turning into an eye After some strange experiences by both my husband and I&#44 we decided to go outside as we felt compelled to communicate with this unknown entity making itself apparent to us. In the sky appeared a glowing orb that floated down and settled within the street light next to us. We verbally and mentally communicated with this entity&#44 realizing it communicates telepathically. We both watched it transform into an eye&#44 glowing 3 colors simultaneously and intermingling with something that can be described as none other than that glowing essence’s polar opposite. Upon our wonder of its purpose for us&#44 it began shooting out holographic clear images of countries that were simultaneously red and green&#44 not alternating or mixing&#44 coexisting in a constant flow. We expressed gratitude and asked the entity to enter our home&#44 we welcomed it. An orb of this “anti-matter” had a green aura to it. It floated out of the street lamp as the lamp dimmed and released it’s “eye” into the atmosphere.This protective orb followed us inside and we witnessed it place a glowing red dot on our foreheads&#44 between our eyes. It also left a bright green orb glowing on the door of our child’s room. Images projected in shadows on our hallway wall in the darkness. First an orb&#44 like a plasmoid; then&#44 an eye. Next&#44 faces made apparent within an orb. And finally&#44 the seal of the USA&#44 head pointed toward arrows. In the few days since we have maintained nightly contact. My husband and I are receiving bits of information in a sort of meditative state with high frequency sounds&#44 which has lead to the development of strange abilities. After hearing the CIA has documented the research of abilities such as what we are discovering ourselves to be capable of&#44 we’ve realized that this is not collective psychosis between the two of us&#44 but a known occurrence not made widely known yet. My husband experiences remote viewing to an extent beyond our planet even&#44 and is receiving guidance on sensitive problems that need quick solving-on a global scale; meanwhile I&#44 on the other hand&#44 have developed the ability to harness this unknown state of matter to alter temperature&#44 inhibit strong emotion and thoughts with my mind upon touching someone&#44 and manipulate the light in a room as well as a flame. We are shocked and appalled by these experiences as we have not engaged in religious practices&#44 and I myself am a believer in the sciences and arithmetic. If we had not both experienced so many of the same things as well as our own separate encounters&#44 we would not believe this true. National UFO Reporting Center&#44 Davenport&#44 WA TERMS OF SERVICE PRIVACY POLICY";1/27/2025;30.6033333;-87.9036111;https://nuforc.org/sighting/?id=187269;187269
1/28/2025 18:50;saipan;Saipan;Northern Mariana Islands;triangle;180.0;3 minutes;Menu Close 2025-01-28 18:50 Local 2025-01-28 05:41 Pacific 3 minutes 3 Saipan&#44 Saipan&#44 Northern Mariana Islands Next to Northern Marianas College&#44 at the open plot at Joeten’s Finasisu Subdivision. Triangle Opaque Estimated Size: 30 feet Land Direction from Viewer: West 90 Closest Distance: 15-30 miles? Estimated Speed: 400 mph Lights on object&#44 Made a sound After seeing the ISS&#44 we noticed&#44 going the opposite was triangular craft&#44 with 3 red lights at each point&#44 one of what was blinking At around 6:49pm just after sunset (Marianas Time Zone) my partner & 4 year old child witnessed a triangular craft above us (traveling from E to W&#44 maybe 15 miles above us) after having just seen the International Space Station moments before&#44 traveling the opposite way. The craft was opaque/invisible&#44 with 3 red lights on each point&#44 one of which was blinking. We didn’t hear anything until about halfway through the sighting then it sounded like a jet engine. But this was not an airplane. As it passed through the cloud&#44 the jet-sound disappeared & we didn’t see the craft after it went into the cloud. National UFO Reporting Center&#44 Davenport&#44 WA TERMS OF SERVICE PRIVACY POLICY;1/28/2025;;;https://nuforc.org/sighting/?id=187271;187271
1/27/2025 06:45;longview;wa;United States;triangle;300.0;5 min;Menu Close 2025-01-27 06:45 Local 2025-01-28 09:09 Pacific 5 min 1 Longview&#44 WA&#44 USA 46.090670&#44 -122.870325 Triangle Black Estimated Size: half a football field depends on real height. Land Direction from Viewer: north west at first 85 Closest Distance: 400 to 800 feet Estimated Speed: 15 mpr seemed very slow for how close and big. Lights on object Saw unusual lights in distance&#44 craft crossed over me from east of I5 to west&#44 flew low and slow. Was big triangle. Saw unusual lights in distance&#44 craft crossed over me from east of I5 to west&#44 flew low and slow. was big triangle. Saw a Triangle UAP yesterday morning! Saw strange lights flashing along with an odd flight pattern while heading north on I5 to the northwest of me. It seemed to be moving slow after being stationary&#44 the blinking light patterns didn't seem normal. Unfortunately&#44 it was not safe to take a photo even though I tempted it because I was nearing exit 36 and traffic was merging and changing speeds fast. To my astonishment and luck it passed over the top of me heading east and was huge&#44 flying low and moving slow. I could very clearly make out the body of a perfect elongated triangle with a light at each corner. I was blown away and absolutely frustrated I couldn't safely capture it. The colors I saw were flashes of red&#44 green and white. hope somebody else on here saw it because it was unmistakable. I wondered if the traffic was more erratic than normal because others saw it or it may have been just because how people wait tell the last minute to get over. I did attempt to hit record on my phone to try and get video&#44 but I must have hit the wrong button because it didn't take and&#44 in that situation&#44 I couldn't really look at what I was doing safely. when it was way further away&#44 when I first noticed the lights&#44 I managed to snap a photo but its trash and just looks like a green dot. It was useful to get the time stamp off of though. I didn't hear any sounds and it seemed too slow to be flying&#44 it moved more ship like. Size wise when I was under it looking up it took up about roughly 25% of my front wind shield. I could see the body outline clearly and it was completely sharp straight lines. I would estimate based off not much other than working on wind turbines that are around 300 feet tall&#44 that it was between 400 to 600 feet up and half or full football field in size. National UFO Reporting Center&#44 Davenport&#44 WA TERMS OF SERVICE PRIVACY POLICY;1/28/2025;46.1383333;-122.9369444;https://nuforc.org/sighting/?id=187273;187273
1/27/2025 20:49;sugar land;tx;United States;chevron;300.0;5minutes;Menu Close 2025-01-27 20:49 Local 2025-01-28 10:40 Pacific 5minutes 1 Sugar Land&#44 TX&#44 USA Sugar Land&#44 Texas Chevron uncertain Black Estimated Size: uncertain&#44 since it was dark and high up Land Direction from Viewer: 45 45 Closest Distance: 80 feet Estimated Speed: 100 mph again uncertain Lights on object Unusual noises followed by flying object It sounded as if a plane was flying extremely low to the grand&#44 followed by a swishing noise as if a plane was taking off. And then a noise&#44 as if it was extremely loud whooping sound that repeated. When the third sound started&#44 that’s when the craft was visible. Although it was dark&#44 I could see 4 to 5 lights on the bottom of the object. If it didn’t have such loud noise associated with a craft&#44 I probably would have dismissed the craft . National UFO Reporting Center&#44 Davenport&#44 WA TERMS OF SERVICE PRIVACY POLICY;1/28/2025;29.6194444;-95.6347222;https://nuforc.org/sighting/?id=187275;187275
1/28/2025 10:40;springfield;oh;United States;cross;60.0;1 Minute;"Menu Close 2025-01-28 10:40 Local 2025-01-28 11:55 Pacific 1 Minute 1 Springfield&#44 OH&#44 USA US-68 South Cross Metallic Gray Estimated Size: About the size of a car Land 60 Closest Distance: Unknown Estimated Speed: Unknown Explanation: Drone - Possible At 10:40 AM EST&#44 I saw a metallic&#44 X-shaped object in the sky. No planes were on radar&#44 confirming it wasn’t a conventional aircraft. At approximately 10:40 AM EST (15:40 UTC)&#44 while driving south on I-68 and approaching an exit&#44 I noticed a peculiar metallic object in the sky at my 2 o’clock position&#44 about 60 degrees above the horizon. Initially&#44 it appeared to be a metallic airplane&#44 but as I continued driving&#44 I realized it was too small to be a plane and had an ""X"" cross shape. Due to my speed of 70 MPH&#44 I only observed the object for about a minute and couldn’t analyze its shape in detail. The object had an unusually intense metallic shine&#44 more like a reflective mirror than any airplane I’ve seen. It appeared to be about the size of a car and was at least 300 feet in the sky. Additionally&#44 I used a flight radar with playback to check for any aircraft in the area at the time of my sighting. The radar&#44 which displays time in UTC (showing 15:40 UTC for my sighting)&#44 indicated that there were no planes in the location where I saw the object. This further strengthens the likelihood that what I witnessed was not a conventional aircraft. I will include a map of where I believe the object was located&#44 as well as my best representation of the object drawn out. I wish I had a video of the object&#44 but again I was driving when I witnessed it. National UFO Reporting Center&#44 Davenport&#44 WA TERMS OF SERVICE PRIVACY POLICY";1/28/2025;39.9241667;-83.8088889;https://nuforc.org/sighting/?id=187276;187276
1/26/2025 18:45;geneva;ny;United States;oval;60.0;60 to 80 seconds;Menu Close 2025-01-26 18:45 Local 2025-01-28 12:26 Pacific 60 to 80 seconds 1 - Pilot - Military Geneva&#44 NY&#44 USA On edge of Geneva with less light pollution good view stars/planets good seeing and transparency Oval clear Estimated Size: football field to city size? Land Direction from Viewer: 270 65 Closest Distance: 1/2 to maybe 2 miles Estimated Speed: 400 to 600 mph Aura or haze around object Craft was probably operating in phase-shifted mode (frequency). Visible energy signature across bottom of craft. The object movement was from North to South in clear sky with no clouds. Seeing and transparency conditions were good to above average. I became aware of an object while looking up at Venus and known stars as I am an amateur astrophotographer. It looked as if it shouldn't be there&#44 and I therefore categorized it as unusual. The object looked to be about a few hundred feet above and slightly to the west of N-S meridian. It could have been a mile or more and huge making it look closer as I had no real perspective in this patch of open sky. It looked like a narrow white light that followed a curved hull design and stretched from one side to the other (east to west) but narrow and slightly chevron shaped. The point was directly under what I thought to be the center of a curved or displacement type of hull. The wings were following the edge of the hull in a slightly upward direction. While north of me the chevron light emission wings drew to the front of the object. As it moved directly in front of me the light was more or less straight across. As it moved south the wings were drawn to the back of the object and the point was forward. This is why I believe this was a curved or displacement hull of a cloaked or phase-shifted craft. I could not see a solid craft or object&#44 just the light emission. Most likely this was a pill or egg shaped craft with an oval hull as opposed to flat. It could also have been a saucer shape. As it moved across my purview the light energy signature would shift depending on the part of the cloaked hull was in my direct line of sight. The light energy that I could see was white but not bright. More of a slightly greyish look and an almost cloudy appearance. It was definitely there but would have been easy to miss had I not first been looking intently up at Venus and stars. If this object was only a few hundred feet up&#44 then it would have been about the size of a football field. But if it was a mile or more then it would have to have been quite large to make it appear much closer. Large being maybe the size of a modern aircraft carrier or a small city. It was difficult to judge. There was no noise&#44 no jet or prop sound. Just eerily silent as it traversed North to South and then went out of sight over the small city of Geneva to my South. The speed would also be difficult to determine due to a lack of perspective. It was faster than the time it would take for a commercial jetliner at say 30&#44000 ft to travel that distance. But then a jet of that size&#44 at 1000 feet and same speed would take less time to traverse the same distance. From my advantage and being next to a 2-story building on my North&#44 I watch this for about 100 degrees. Facing West thus my meridian would run East-West&#44 I first saw it about 30 degrees North of my meridian. I last saw it about 70 degrees South of my meridian. It took about 60 seconds to cover that distance. Not sure how many miles that covers. If 10 miles&#44 then ground equivalent speed would be approximately 600 mph. I would estimate the speed at between 400 and 600 mph. I’m rather upset at myself. I was walking about 150 feet across a parking lot to go into the building. I left my iPhone in the car…..damn it! I figured by the time I ran back to my car for the phone I would miss the UAP so I just continued to stand and watch until it was out of sight. National UFO Reporting Center&#44 Davenport&#44 WA TERMS OF SERVICE PRIVACY POLICY;1/28/2025;42.8688889;-76.9780556;https://nuforc.org/sighting/?id=187278;187278
1/26/2025 17:00;azle;tx;United States;changing;43200.0;12 hours;Menu Close 2025-01-26 17:00 Local 2025-01-28 12:51 Pacific 12 hours 30 Azle&#44 TX&#44 USA Small town outside Fort Worth Changing White&#44 Blue&#44 Green Estimated Size: Larger than several Hercules Aircraft Land Direction from Viewer: NW 9 Closest Distance: 1000 feet Estimated Speed: 10mph Explanation: Aircraft - Probable Lights on object&#44 Aura or haze around object&#44 Emitted other objects&#44 Emitted beams&#44 Changed Color&#44 Made a sound&#44 Aircraft nearby&#44 Landed&#44 Electrical or magnetic effects&#44 Animals reacted Various UAP not drones I see these very large craft with large lights attached. They are very low. The base does send drones&#44 helos and various aircraft to investigate every night as this is ongoing. This is occurring out in the open right in the DFW flight path. Multiple witnesses of this as well. National UFO Reporting Center&#44 Davenport&#44 WA TERMS OF SERVICE PRIVACY POLICY;1/28/2025;32.8950000;-97.5455556;https://nuforc.org/sighting/?id=187279;187279
1/28/2025 02:00;raleigh;nc;United States;triangle;1200.0;20 minutes;Menu Close 2025-01-28 02:00 Local 2025-01-28 15:32 Pacific 20 minutes 1 Raleigh&#44 NC&#44 USA I was sitting on my deck. Triangle Estimated Size: Very large Land 45 Lights on object&#44 Aircraft nearby Triangle shaped lights moving across the sky&#44 then it ‘parked’ and stayed in one spot for a long time. I was sitting on my deck and looked up into the sky&#44 and I saw triangle shaped lights off in the distance. I watched it while it went across the sky slowly without sound until it went over my house. About halfway across the sky&#44 I noticed two other lights that were chasing it&#44 but they never caught up. Or it looked like they were chasing it. Later I came out and it was sitting in one spot for a long time. 20 minutes? National UFO Reporting Center&#44 Davenport&#44 WA TERMS OF SERVICE PRIVACY POLICY;1/28/2025;35.7719444;-78.6388889;https://nuforc.org/sighting/?id=187282;187282
1/28/2025 21:00;thynedale;va;United States;light;60.0;1 minute;Menu Close 2025-01-28 21:00 Local 2025-01-28 18:50 Pacific 1 minute 1 Thynedale&#44 VA&#44 USA looking westward 40°- 60° degrees upward Light white/yellow Estimated Size: no Land Direction from Viewer: west 45 Closest Distance: further than a plane Estimated Speed: no Aura or haze around object strobing light exiting atmosphere or disappearing Strobing light exiting atmosphere or disappearing Was walking the dogs at night as usual and was watching the skies&#44 noticed a few planes (consistent strobing&#44 red and green lights) and then saw a flash of light in the sky. I kept watching the same area&#44 then saw the flash again. It was a bright white / yellow&#44 and flashed around 1 second intervals. It moved through the sky from right to left&#44 then the light got dimmer but was still strobing. Couldn't tell if it turned off&#44 or left the atmosphere. It had no other lights and was not visible when it wasn't flashing. It didn't reflect light like a satellite&#44 it was either on or off. I can't give you a speed estimate other than it was really far away and passed a plane that had to be closer. There is close to no cloud coverage tonight&#44 I even made sure to pay attention to other stars around the strobing light and noticed they didn't dissipate or disappear like they do if clouds go in front of them. Rural area with the skies lit up full of stars. I also checked flight radar24 and nothing matched it. National UFO Reporting Center&#44 Davenport&#44 WA TERMS OF SERVICE PRIVACY POLICY;1/28/2025;;;https://nuforc.org/sighting/?id=187305;187305
1/28/2025 17:40;huntsville;al;United States;other;120.0;2 minutes;Menu Close 2025-01-28 17:40 Local 2025-01-29 16:31 Pacific 2 minutes 1 Huntsville&#44 AL&#44 USA I was in between apartment buildings in the parking lot Other White/grey Estimated Size: Size of F150 Land Direction from Viewer: ESE 22 Closest Distance: 200-250 feet above me Estimated Speed: 20-25 mph Explanation: Aircraft - Possible Lights on object One aircraft the size of a large truck had headlights At dusk&#44 before full dark. 200-300 feet off the ground&#44 flying over the soccer field&#44 and then the apartment complex. Looked like a 10 seater plane scaled down to the size of a very large truck. Could not see what sort of craft it was until it passed over me. Had 2 very bright oversized headlights and a flashing red light on top. Wings looked like they were angled backwards. When it passed over me&#44 the lights on the belly were orange&#44 pink&#44 and a bright neon green. Wings were angled backwards&#44 with the tips of the wings closer to the tail. It looked like someone who had never seen a real airplane built a small airplane. Slightly bulbous cabin area. National UFO Reporting Center&#44 Davenport&#44 WA TERMS OF SERVICE PRIVACY POLICY;1/29/2025;34.7302778;-86.5861111;https://nuforc.org/sighting/?id=187318;187318
;longview;wa;United States;orb;20.0;Approx 20 seconds;"Menu Close 2025-01-29 18:20 Local - Approximate 2025-01-29 18:45 Pacific Approx 20 seconds 1 Longview&#44 WA&#44 USA North sky Orb White Estimated Size: Appeared larger than any other star. Land Direction from Viewer: North 75 Closest Distance: No idea Estimated Speed: Faster than a traveling plane or helicopter. Aircraft nearby I saw a huge white orb in the distance that looked like it was falling but did not have a trail. I looked up towards the north sky and saw a huge&#44 white orb&#44 that was moving quickly. It appeared to be falling from what looked to be straight down. It ""fell"" for about 10 seconds&#44 then did a zig zag pattern. It stopped or a couple seconds and then did another zig zag&#44 and continued in a northwest direction. I lost sight of it behind the trees. I would like to note&#44 there were other planes in the sky that looked nothing like this&#44 nor were they moving the same way. National UFO Reporting Center&#44 Davenport&#44 WA TERMS OF SERVICE PRIVACY POLICY";1/29/2025;46.1383333;-122.9369444;https://nuforc.org/sighting/?id=187339;187339
1/29/2025 21:10;dunn;nc;United States;orb;1800.0;30 minutes;Menu Close 2025-01-29 21:10 Local 2025-01-29 18:44 Pacific 30 minutes 2 Dunn&#44 NC&#44 USA Sightings were several miles to the west Orb Red w flashes/pule Estimated Size: Unknown Land Direction from Viewer: Objects were southwest 30 Closest Distance: 4-5 miles Estimated Speed: Not sure&#44Faster than planes in a relative distance Explanation: Chinese Lantern - Possible One reddish Light was first thought to be a planet due to the color and recollection of seeing Jupiter in the sky (several miles away)Saw brief lights ascending rapidly and then dimming out once over the tree line. These lights were appearing around a very bright reddish light(we thought was a visible planet) in the sky and after approx 30 min of viewing multiple lights appear then dim away&#44 the “planet” descended rapidly below the tree line within 3-4 seconds. It remained visible through the tree line for a minute or so and started heading west and disappeared through thicker part of the tree line. I also have a video of the smaller (appearing/dimming) lights which has the “planet” light in the sky. National UFO Reporting Center&#44 Davenport&#44 WA TERMS OF SERVICE PRIVACY POLICY;1/29/2025;35.3061111;-78.6091667;https://nuforc.org/sighting/?id=187340;187340
1/28/2025 00:29;bell acres;pa;United States;unknown;6.0;6 seconds approx;Menu Close 2025-01-28 00:29 Local 2025-01-30 08:28 Pacific 6 seconds approx 1 Bell Acres&#44 PA&#44 USA Unknown Bright white Estimated Size: Big like a helicopter flying over the house Land 50 Closest Distance: Hard to tell in the night sky Estimated Speed: It disappeared in a second. Lights on object Only white lights. Rotated and disappeared on a very clear night. Only lasted about 5 seconds. No sound. See above. There were no other colors so not an airplane or helicopter. It hovered&#44 rotated and then dissolved. It was close as opposed to out in space&#44 and very bright. So bright I couldn’t make out a shape except that there was a big light and a smaller white light underneath. National UFO Reporting Center&#44 Davenport&#44 WA TERMS OF SERVICE PRIVACY POLICY;1/30/2025;;;https://nuforc.org/sighting/?id=187341;187341
1/29/2025 02:00;tremont;me;United States;orb;300.0;5 min;Menu Close 2025-01-29 02:00 Local 2025-01-30 09:33 Pacific 5 min 2 - Pilot Tremont&#44 ME&#44 USA Looking from window of house out to trees across Goose Cove 310 Degrees Northwest of me Orb Orange Estimated Size: no idea Land Direction from Viewer: 310 NW 45 Closest Distance: 1 mile Estimated Speed: over 100 MPH Lights on object&#44 Changed Colo Watched Orbs fly across the tree line We have been watching these Orbs since August. It is now a nightly occurrence to see these flying around. I do not make a report every time I see them because it is almost daily. I filmed them in October and December&#44 when it was easier to get out and film. I have not since. In August we watched them each week go up from the trees and turn orange&#44 blue&#44 green and red and then they would turn dark. Some would fly straight up&#44 some to the right and one to the left. They would come back later and look like aircraft with blinking white lights. They would line up and then stop in midair and go through a sequence of lights blinking. 8 or 9 in the middle and then 8 or 9 around the outside in an oval. Then they would continue to the trees and disappear. These fly in 30 to 40 knot winds. They fly in formation&#44 erratically and also very fast. One time it appeared many were dropping into the atmosphere. It was not until the news started talking about the drones in NJ that we realized we were seeing similar things. My boyfriend is a pilot and says he has never witnessed this before. National UFO Reporting Center&#44 Davenport&#44 WA TERMS OF SERVICE PRIVACY POLICY;1/30/2025;;;https://nuforc.org/sighting/?id=187344;187344
1/30/2025 07:48;sfântu gheorghe;Covasna County;Romania;changing;15.0;About 15 seconds;Menu Close 2025-01-30 07:48 Local 2025-01-30 12:07 Pacific About 15 seconds 1 Sfântu Gheorghe&#44 Covasna County&#44 Romania Changing Grey black white Estimated Size: 3 square meters Land Direction from Viewer: East 62 Closest Distance: 1 km maybe more Above my city a strange hovering shapeshifting object was hovering in one place I was in my car&#44 stoped at a red light. And saw some birds flying in a large group. That’s when I saw something way up in the sky. At first it looked like a drone. But i know how drones look like&#44 i know how they fly&#44 they have a certain drone movement. This wasn’t a drone. And I couldn’t make out its shape. As I watched closely&#44 its shape was changing: rectangle&#44 circular&#44 star shape… it even had a boot shape at one moment. I guess other drivers could have seen it too. It stood in one position&#44 not moving at all!! And it was just changing its shape. It was about at a hight of maybe 1000 meters above ground. Maybe more. I took my phone and took a photo. Sadly not much can be seen. But if you zoom in on the picture it has a triangle shape at the moment. The lights turned green and I had to move on. Tried to look back&#44 but got lost in the morning traffic and buildings. National UFO Reporting Center&#44 Davenport&#44 WA TERMS OF SERVICE PRIVACY POLICY;1/30/2025;;;https://nuforc.org/sighting/?id=187348;187348
1/29/2025 21:30;philipsburg;mt;United States;circle;900.0;Approx. 15 minutes;"Menu Close 2025-01-29 21:30 Local 2025-01-30 10:43 Pacific Approx. 15 minutes 2 - Law Enforcement Officer Philipsburg&#44 MT&#44 USA This is very rural Montana. 46°10'53.02""N&#44 113°29'17.17""W - This is toward where I was looking. Circle Orange - like Mars Estimated Size: unk Land Direction from Viewer: West-Northwest&#44 bearing between 288° and 293°. 10 Closest Distance: 5 - 7 miles Estimated Speed: unk We saw two lights moving slowly&#44 fading in and out&#44 several miles to our west. Local conditions: Clear sky&#44 no clouds&#44 no Moon. Temp: 18° F While sitting on the living room couch I observed what at first appeared to be a star very low on the horizon to the west. As I watched it grew brighter and was moving at slow speed from right to left. It then faded out. Within several seconds it reappeared in the same area and was still moving slowly. I turned off the lights and went to the window with binoculars and watched as a second light appeared in the same proximity. Both lights moved in apparently random directions and both faded and grew in intensity. The color was the same on both: about the same orange color as the planet Mars. But Mars was almost directly overhead and nowhere near the sighting&#44 so it was helpful in the comparison of color&#44 size and brightness. There was a star a very short distance to the left (south) of where these lights were moving and it provided a stationary reference and color comparison. Their intensity varied from slightly smaller than Mars to very dim and fading out. At times they were both visible and sometimes only one was visible. The lights were about 5° - 10° above the horizon. The objects were present and moving&#44 fading in and out&#44 for approximately 15 minutes. There were no commercial aircraft visible during the sighting. We typically see commercial (or military) aircraft at altitude and are familiar with their appearance and flight characteristics. Local topography: Our house is at an elevation of approximately 5&#44 980 ft above sea level. There is a neighborhood road to our West-Northwest&#44 called Valley Drive. To the west of this road is a ridgeline lying parallel with the road. In the distance Mount Emerine is visible approximately 12 miles away and perpendicular to the line of sight. These two lights were moving around above the horizon&#44 and between my location and Mount Emerine. Their heading from my location was between 288° and 293°. I contacted a neighbor&#44 Kiera Smith&#44 to ask if by any chance they were operating drones just then and she replied no&#44 they don’t own any drones. No other neighbor lives in that direction that I could contact. All the land in that direction is open cattle range land. There have been cattle mutilations reports to local law enforcement in the past. My wife was also present and observing the lights. She confirms the same description and movement given above. National UFO Reporting Center&#44 Davenport&#44 WA TERMS OF SERVICE PRIVACY POLICY";1/30/2025;;;https://nuforc.org/sighting/?id=187349;187349
;guadalupe;Nuevo León;Mexico;light;900.0;15 minutes.;Menu Close 2025-01-30 21:30 Local - Approximate 2025-01-30 21:39 Pacific 15 minutes. 2 Guadalupe&#44 Nuevo León&#44 Mexico The object was located on the hill of the communication antennas or hill of the virgin. Light Bluish white. Estimated Size: 15m. Land Direction from Viewer: 250° on west. 15 Closest Distance: 4km. Lights on object&#44 Changed Colo There was a large fixed light on the hill that changed shape to an elongated one and disappeared. We were on a main street that leads directly to the place where the large and bright light was observed. I took out my phone to see with an app if it could be a planet or star&#44 but I couldn't locate any of that size since it was too large. We watched it for about 15 minutes&#44 then it changed from a circular light to an elongated one and suddenly disappeared. And on social media&#44 videos from different angles are circulating&#44 with the light being above the hill&#44 and everyone reports the same thing from different viewpoints: that the object&#44 despite its luminescence&#44 simply disappeared after changing shape. Original report in Spanish: Se encontraba sobre el cerro una luz grande fija qué cambio de forma a una alargada y desapareció Nos encontrábamos en una calle principal que da directo al lugar donde se observó la luz grande y brillante saque mi celular para ver con una aplicación si podía ser un planeta o estrella y no localizaba ninguno de ese tamaño ya que era demasiado grande duramos viéndolo aproximadamente 15 minutos después cambio de ser una luz circular a una algo alargada y de la nada desapareció. Y en redes sociales están circulando videos de diferentes ángulos y la luz está sobre el cerro y todos reportan lo mismo desde diferentes ángulos de vista que el objeto a pesar de la luminiscencia simplemente desapareció después de cambiar de forma. National UFO Reporting Center&#44 Davenport&#44 WA TERMS OF SERVICE PRIVACY POLICY;1/30/2025;;;https://nuforc.org/sighting/?id=187368;187368
1/30/2025 19:10;murrells inlet;sc;United States;other;3600.0;About 1 hour 15 minutes;Menu Close 2025-01-30 19:10 Local 2025-01-30 19:27 Pacific About 1 hour 15 minutes Murrells Inlet&#44 SC&#44 USA My front yard Other 2 white&#44 1 w & red Estimated Size: The closest view was of a drone 10’x10’ ish Land Direction from Viewer: They were around the whole sky 26 Closest Distance: Too many objects to describe the various distances Estimated Speed: 30 mph? Not sur Explanation: Drone - Possible Lights on object&#44 Aura or haze around object Three different types UAP. I have more video. I have never reported before or ever seeing anything like this in all of my 60 years. This sighting involves several different types of objects. The first thing I saw out my window in the sky was what looked like a drone I went outside and saw several drones and in front of my house. Low in the sky was a very bright white object that looked like a vertical line. I called my friend on the phone who lived several miles away and asked her to look in the sky. We both saw several super bright lights like this which we have never seen before. I am 60 and she is 70 and neither of us have ever needed or want any of type of attention. I took some pictures and videotaped it. I don’t think we saw the same exact objects necessarily. about 30 minutes later I went back outside and that object was still there in the same spot&#44 but was starting to dim or maybe even move. I’m not sure but I turned around and behind my house appeared what I thought were several drones. I took a video and the remarkable thing is one of the objects which I didn’t follow with my camera&#44 but got a good close-up is not describable as a shape&#44 see photo. There were definitely drones nearby and one flew over my house that I recorded. It was not a helicopter or a plane. It had red and white flashing lights and did make sound. It seemed way larger than a commercial drone. I don’t know what to make of it all but the original light faded away and all the activity died down. I will attach the videos and the zoomed in screenshot. Know. National UFO Reporting Center&#44 Davenport&#44 WA TERMS OF SERVICE PRIVACY POLICY;1/30/2025;33.5508333;-79.0416667;https://nuforc.org/sighting/?id=187373;187373
1/30/2025 20:47;nederland;tx;United States;triangle;1800.0;30 minutes+;Menu Close 2025-01-30 20:47 Local 2025-01-30 19:19 Pacific 30 minutes+ 2 Nederland&#44 TX&#44 USA Triangle Bright white/warm Estimated Size: 15 ft in diameter Land Direction from Viewer: South West 90 Closest Distance: 7000 ft Estimated Speed: 45 mph Explanation: Drone - Possible Lights on object&#44 Aura or haze around object Saw a bright white light leaving home that was creating a halo and then another bright light appeared after a few minutes Left home and noticed a “star” that was unusually bright and as we went to continue our drive we noticed it created a halo like light effect and it begun moving&#44 soon after we saw another bright light in the sky near it and it emitted a light similar to a fire in the sky &#44 couldn’t have lasted more than 1 minute but then when the other light died down it was emitting a green and red light intermittently but it was faint. Curious&#44 we went to a place clear of trees (lots in our area) and watched it. It was hovering and slightly adjusting itself. We think we saw more but we’re not too certain about that but we definitely saw 2 at the very least&#44 we even took videos (little blurry though). The main one we saw more clearly was triangular and had 3 warm lights in a triangular pattern National UFO Reporting Center&#44 Davenport&#44 WA TERMS OF SERVICE PRIVACY POLICY;1/30/2025;29.9741667;-93.9922222;https://nuforc.org/sighting/?id=187374;187374
;pageland;sc;United States;chevron;5.0;5 seconds;Menu Close 2025-01-28 21:00 Local - Approximate 2025-02-03 18:40 Pacific 5 seconds 1 Pageland&#44 SC&#44 USA Chevron Dark Estimated Size: 40 feet Land Direction from Viewer: Straight up 90 Closest Distance: 200ft Estimated Speed: Less than 100 mph Lights on object Looked up and saw V moving overhead and behind some trees. 200-300 ft above the ground and about 40-50 ft wide. Looked up and saw it slowly moving overhead and behind some trees I take my dog outside at 9 pm every night. When I do I always look up into the sky to see what’s going on. This night seemed pretty clear. We came outside and I was standing on the side of my house and looked up and looked straight at it. Couldn’t really see the shape of the craft but the lights underneath were visible and in a v formation. 7 lights total. It was very dark the lights were very dim but still visible and I watched it move south at a consistent speed for about 5 seconds before it was lost behind some trees. Hard to determine size but I’m guessing it was probably 200-300 ft above the ground and about 40-50 ft wide. It made no sound National UFO Reporting Center&#44 Davenport&#44 WA TERMS OF SERVICE PRIVACY POLICY;2/3/2025;34.7730556;-80.3919444;https://nuforc.org/sighting/?id=187448;187448
;;Cozumel;Mexico;orb;1200.0;20 Mins;"Menu Close 2025-01-29 22:45 Local - Approximate 2025-02-12 07:42 Pacific 20 Mins 4 &#44 Cozumel&#44 Mexico We were on a cruise ship (Margaritaville Islander)&#44 traveling between Tampa Fl and Cozumel Mx. Orb Blue/White Estimated Size: 5ft radius est Boat Direction from Viewer: N/NW 61 Closest Distance: 50-70 ft Estimated Speed: 10mph-40mph Lights on object&#44 Aura or haze around object Drone like Orb&#44 white/blue in colour&#44 moving oddly between the rear and mid port side of the ship. *I want to preface this with the information that I am almost 2 years sober and was not under the influence of any substances when this occurred. Coming back to our stateroom for the evening&#44 between 10:30 and 11pm&#44 I stood on the our rear facing balcony&#44 6th floor of the ship. I noticed 2 other passengers on the balconies on the floor below looking for something in the sky. About 2 mins later&#44 a white/blue orb appeared off the rear port side of the ship. It was silent&#44 it first moved away from the ship upwards at a 90 degree angle&#44 then shot down alongside the ship and disappeared out of my vision. At this point&#44 the other passengers were saying ""Did you see it! Dis you see it!"" to me. They said this was the 3rd or 4th time it had done this. It came back around 2 more times&#44 about 5-10 mins apart. It made no sound and at one point&#44 the best glimpse I caught was that it looked like the orb was incased in a shimmering/blurred material&#44 the light looked more like an ""eye"" rather than a guidance feature when I saw it. I'm not sure if that's accurate&#44 but that was my thought in the moment. I did not grab my camera&#44 as I didn't want to lose site of the object and wasn't sure if it would come back&#44 we had no reception at sea. This occurred somewhere in the Gulf of Mexico&#44 between Tampa Bay and Cozumel. We arrived in Cozumel the next morning around 8am. National UFO Reporting Center&#44 Davenport&#44 WA TERMS OF SERVICE PRIVACY POLICY";2/12/2025;;;https://nuforc.org/sighting/?id=187668;187668
